image_url,image_id
https://drive.google.com/file/d/1v_4FGXs96Yggu3t319aUfGuvOfo--Ji7/view?usp=sharing,1.jpeg
https://drive.google.com/file/d/1Isymza3G0kL57wzhqwxZgxIn5utKL9wO/view?usp=sharing,2.jpeg
https://drive.google.com/file/d/1OpOhL2p65K4b_HCgRQpLm16ZlkzUCe2s/view?usp=sharing,3.jpeg
https://drive.google.com/file/d/1DttLONiIj8xl29lRpUM8ExKkKo4JbVNe/view?usp=sharing,4.jpeg
https://drive.google.com/file/d/1npkE7h685FSS9kM33IyEeOyngro5KOvm/view?usp=sharing,5.jpeg
https://drive.google.com/file/d/1HsDUCeU29zHEdpx6zFJUNO-bHxtE6WBU/view?usp=sharing,6.jpeg
https://drive.google.com/file/d/1ctfYI6TZJr5mbm-BjK9jNskpLStAn1mj/view?usp=sharing,7.jpeg
https://drive.google.com/file/d/1LeCW8Zaw5qO3kfJKG0mZmeeHjw8dApHc/view?usp=sharing,8.jpeg
https://drive.google.com/file/d/18HsxK2zdx8J0wLQE1QZITsfajDWRjgaX/view?usp=sharing,9.jpeg
https://drive.google.com/file/d/1xUVHP-lj26dCvOIiMMMta2bgIGRH5hR9/view?usp=sharing,10.jpeg
https://drive.google.com/file/d/1UBORN__WOk3N5lP4X-qA_lwYYhlyyYqS/view?usp=sharing,11.jpeg
https://drive.google.com/file/d/12ozsRqQm34HuapdP-IpswqSXrE7BODWH/view?usp=sharing,12.jpeg
https://drive.google.com/file/d/1ZdlotRy46kMOko2PYg-y4oaDD1yOaad1/view?usp=sharing,13.jpeg
https://drive.google.com/file/d/1j_wTSZ6LyYqWqgOAZFYdxFtjd0jBduSd/view?usp=sharing,14.jpeg
https://drive.google.com/file/d/1bf9wnNLkpAlmRwV5Zfu-4kD42O_5A8eS/view?usp=sharing,15.jpeg
https://drive.google.com/file/d/1iyPFNwJ-WUaZ4_XPtJLCtmKF9BVDTv4X/view?usp=sharing,16.jpeg
https://drive.google.com/file/d/10SQmYfVuHzcGYJjADi5bmTtG4gXr2V9x/view?usp=sharing,17.jpeg
https://drive.google.com/file/d/1R2qiJM_IDzSxINZRkJ1oU9N7X9ZhWZBn/view?usp=sharing,18.jpeg
https://drive.google.com/file/d/1cJz2W2jQrnpZ4LfT39NhgX0UGBztrPPa/view?usp=sharing,19.jpeg
https://drive.google.com/file/d/1mTDpifErX2S2EJttSEMaqR6mz1MpzjR7/view?usp=sharing,20.jpeg
https://drive.google.com/file/d/1V3qcOIHvtf7LmQss0ruGtHPfIMlyIauX/view?usp=sharing,21.jpeg
https://drive.google.com/file/d/116zQoKxbsldaHPvP2apITE3EYXHovLKA/view?usp=sharing,22.jpeg
https://drive.google.com/file/d/1nUDKdq79IsojabL_DGbGTayRJ_gaEEvX/view?usp=sharing,23.jpeg
https://drive.google.com/file/d/1kw58e9iPvU1vOT2PxZuYepma0F30V2qn/view?usp=sharing,24.jpeg
https://drive.google.com/file/d/1peJsSeWbW75_7SXUaFUQcsUBkEkp3q7I/view?usp=sharing,25.jpeg
https://drive.google.com/file/d/1ruzqRzoiX02FLhAnwN6oJ70yaCOV9usy/view?usp=sharing,26.jpeg
https://drive.google.com/file/d/1aUoa1C9eagfLdwz6V8WTzXzAjHHYPXaJ/view?usp=sharing,27.jpeg
https://drive.google.com/file/d/1Dyk0jx8bXiVMVELskA1wH2t85AfZV8H8/view?usp=sharing,28.jpeg
https://drive.google.com/file/d/16jiyG_dY7BTG2s8QjNuSQJn_RwkLlqXH/view?usp=sharing,29.jpeg
https://drive.google.com/file/d/1l7EYIU9EAQNPZ729hAe8kKcigikut6sh/view?usp=sharing,30.jpeg
https://drive.google.com/file/d/1MSvkZ7ilWBOwRh_oL2pAafze77-a_M3n/view?usp=sharing,31.jpeg
https://drive.google.com/file/d/11hkKoc95B-7-zuWUGB6ZlYkbaj1oMxzZ/view?usp=sharing,32.jpeg
https://drive.google.com/file/d/1m_8qmeODeDBlBanntvu6ima-H1mPTeDV/view?usp=sharing,33.jpeg
https://drive.google.com/file/d/1vQbs0ifLnQbnC1ejFEq6WujzKLqZl7vv/view?usp=sharing,34.jpeg
https://drive.google.com/file/d/1M2nmwy6Vs-FYWSeplo1FuQ51PqchzdnB/view?usp=sharing,35.jpeg
https://drive.google.com/file/d/1sp47R6r1ixHVuH4FTKwHC2nrZaym61Iy/view?usp=sharing,36.jpeg
https://drive.google.com/file/d/12S8nfxTZe8xGCPO8jz-sGM6I1c8zCe1q/view?usp=sharing,37.jpeg
https://drive.google.com/file/d/12gcbXlswsM0sW5_Z7DcSBJGr1Bq-2t8t/view?usp=sharing,38.jpeg
https://drive.google.com/file/d/1fP7NEOdaJAargUDgnwsccl6_MGByH6Hs/view?usp=sharing,39.jpeg
https://drive.google.com/file/d/1McHRxEGY3iZSY7uGTmj-MS6dVQ9p-iPa/view?usp=sharing,40.jpeg
https://drive.google.com/file/d/1C5L6fKZvsuJRuh2QnDj4U7_d1_Djs1Rr/view?usp=sharing,41.jpeg
https://drive.google.com/file/d/11q5pKXoPWPhEb3Jj9q5NvtB1VcTrqt3e/view?usp=sharing,42.jpeg
https://drive.google.com/file/d/1N6vR25DLC0FZk7m0Kj9cqT3vnyjdyQOA/view?usp=sharing,43.jpeg
https://drive.google.com/file/d/17IOmNhMDq3epnJGE8TemGWfg4KUWPytl/view?usp=sharing,44.jpeg
https://drive.google.com/file/d/1g5rt5FyfZFihgwapf3Ncm1etDzBr2iwc/view?usp=sharing,45.jpeg
https://drive.google.com/file/d/1Gf9_VnvtNkCVWOZu8VQ1INYnQFjRuB7m/view?usp=sharing,46.jpeg
https://drive.google.com/file/d/1mnjPZpYIVahZEm1gr4Zu9gKZfMCjl2Tk/view?usp=sharing,47.jpeg
https://drive.google.com/file/d/10fLWhto09ulpTOoQ_oICa06UK6vWzttW/view?usp=sharing,48.jpeg
https://drive.google.com/file/d/1oRVHiCteKOP5kuq94IS2VDj-UvycRI7V/view?usp=sharing,49.jpeg
https://drive.google.com/file/d/1Yt4G6HZMK_t-ihnEQ6iXy7znjFBPDG8C/view?usp=sharing,50.jpeg
https://drive.google.com/file/d/1HUpZhRLel0QTYYZM64ONySSJM68ju4jm/view?usp=sharing,51.jpeg
https://drive.google.com/file/d/1_T7rY6ZMUGkrrUUDGpQvHEG53QIE1J_h/view?usp=sharing,52.jpeg
https://drive.google.com/file/d/1P-A1Dw9BpwfIdrZwOnIWzDOp28x4JMYX/view?usp=sharing,53.jpeg
https://drive.google.com/file/d/1Z0nzrIQHVjl7UmtuA4nngOFyGYVvmBB-/view?usp=sharing,54.jpeg
https://drive.google.com/file/d/1RKi9OcuyFaniZ5jGBXttumHbaAOKNP2G/view?usp=sharing,55.jpeg
https://drive.google.com/file/d/1JLyALw0FAi4CqbIXE3sRzXwYRToDyEgw/view?usp=sharing,56.jpeg
https://drive.google.com/file/d/1sS8e3ZmixCVH2YAFPuVlOAoIhpt-vfWE/view?usp=sharing,57.jpeg
https://drive.google.com/file/d/1_2rE9XRzKQTqhk0TQjBqftLX-RvYtkqL/view?usp=sharing,58.jpeg
https://drive.google.com/file/d/1LkIEzSKHGt3ThPYYrQWPZjfUroEcuFve/view?usp=sharing,59.jpeg
https://drive.google.com/file/d/1f7AX8AtByV-EKIO86OXhrR2a6P9gCwXU/view?usp=sharing,60.jpeg
https://drive.google.com/file/d/1Srg7WWskU86agc1Xzr0g_QYySWH4zGS8/view?usp=sharing,61.jpeg
https://drive.google.com/file/d/1Dh2em2eifFjm2KkfZDfxM2WuvxRCmMV7/view?usp=sharing,62.jpeg
https://drive.google.com/file/d/1pQHZTO39FaMtxe96k3wQ-bwUufBsPYvC/view?usp=sharing,63.jpeg
https://drive.google.com/file/d/1VGbPBARSLQCK6nJ7oQQGzRTdWEUzb4dO/view?usp=sharing,64.jpeg
https://drive.google.com/file/d/1lgF7Z1c-zfEyeOyad_Bo6EmeBmmYmSe7/view?usp=sharing,65.jpeg
https://drive.google.com/file/d/1PHmQe4AQ2pdApKjmB9uPD73GJXIyik1b/view?usp=sharing,66.jpeg
https://drive.google.com/file/d/1b4FsJv5cKIMQtEO-gCgq-Ezc9XEaINoP/view?usp=sharing,67.jpeg
https://drive.google.com/file/d/1N-h1oDhAEgaw_56cFBMGZAp4l_MONTJU/view?usp=sharing,68.jpeg
https://drive.google.com/file/d/1nVCrQvzsMF5KCRUZMiYr0rakkwQqslrO/view?usp=sharing,69.jpeg
https://drive.google.com/file/d/1HqiTE-Prk9nPEql4rphcp64fbwE9fnxx/view?usp=sharing,70.jpeg
https://drive.google.com/file/d/1LZX5Q9czPuvVzkKhTglyiF6nhzh1mqA1/view?usp=sharing,71.jpeg
https://drive.google.com/file/d/1riJmfoH9pMuH_OSdp0f7YQKFJ6FTfNrO/view?usp=sharing,72.jpeg
https://drive.google.com/file/d/1ZodO1F5ZuiDVjiFxjsv5k2GCuLpQwIRf/view?usp=sharing,73.jpeg
https://drive.google.com/file/d/1FcB5CvXNaJdV8qJE0nz1NN6MVKPtk2zJ/view?usp=sharing,74.jpeg
https://drive.google.com/file/d/12Cgn_OOe7x5Oai-qSUktQ4QZ57TSL-zp/view?usp=sharing,75.jpeg
https://drive.google.com/file/d/1ZxZ_841mwj2NoY_cCWf9GHGmHmnONE6A/view?usp=sharing,76.jpeg
https://drive.google.com/file/d/1qKLzJvu3ftF-gQS35abj99xkrcgmZQX_/view?usp=sharing,77.jpeg
https://drive.google.com/file/d/1B57SioWgGt6lz74ETNjrgZJ9Uv80r3RX/view?usp=sharing,78.jpeg
https://drive.google.com/file/d/1Vju0QZFxz9YAnRwbq5VtaZUA8cAek959/view?usp=sharing,79.jpeg
https://drive.google.com/file/d/1ijt0ecisBDCbnP9iQ5cHp7WQlGPwmTpO/view?usp=sharing,80.jpeg
https://drive.google.com/file/d/1huKsrt0vscJdYRLnIRD8v8_YgIjZl1Tm/view?usp=sharing,81.jpeg
https://drive.google.com/file/d/1t_00NWomSsqhPeinAZhZcyx6Fzcn3uZD/view?usp=sharing,82.jpeg
https://drive.google.com/file/d/12Y4uqZNuPSg8HgswTCK3obdaz50gCnDn/view?usp=sharing,83.jpeg
https://drive.google.com/file/d/1l0VcV571sh8CPMn2No5S-IgUUDRsgLq_/view?usp=sharing,84.jpeg
https://drive.google.com/file/d/1ZAftU_pXDRMyfkE86fy5U3rPg0tTi1hz/view?usp=sharing,85.jpeg
https://drive.google.com/file/d/1K45MgxXqPYoGwF_Ck9c26oX8B4Q6Oafv/view?usp=sharing,86.jpeg
https://drive.google.com/file/d/1PNlqc0Jg4bm9KOsakVSsKmJDaQwqLGrB/view?usp=sharing,87.jpeg
https://drive.google.com/file/d/1828HR7oyHuDJpNFSn5JmLlYAZ24vA7x7/view?usp=sharing,88.jpeg
https://drive.google.com/file/d/1KskrjJ1I6dTgmaaRpMZPdIRFbz5zu4od/view?usp=sharing,89.jpeg
https://drive.google.com/file/d/1NvTM1g3vx1Kut8y_4vvBJo79qKHzUztk/view?usp=sharing,90.jpeg
https://drive.google.com/file/d/1FK97F0rS8LTIXbo5OdxVuIloeA1-jeHr/view?usp=sharing,91.jpeg
https://drive.google.com/file/d/1SBNnoHm2DQ-ao5gfMeK2UcbNpRXoO47f/view?usp=sharing,92.jpeg
https://drive.google.com/file/d/17cJiD1zpyqK4nBNN7ya1mfE9DQlKxJQm/view?usp=sharing,93.jpeg
https://drive.google.com/file/d/1jDatwDu8A0ycAjbu28oNvOiBJQLU-lnx/view?usp=sharing,94.jpeg
https://drive.google.com/file/d/1KeHog1u5MnwSfzyD9yBj4oIlp2YAyHwf/view?usp=sharing,95.jpeg
https://drive.google.com/file/d/1EUMVkI6asoBt7l80JfW7XQ4KWT27fZDe/view?usp=sharing,96.jpeg
https://drive.google.com/file/d/1AaGI8KuAaJfPPgwkXSBsNDbxRKhSAluM/view?usp=sharing,97.jpeg
https://drive.google.com/file/d/11Vs9sz9BDAkaj5QCxD927t-mz-VTFWXn/view?usp=sharing,98.jpeg
https://drive.google.com/file/d/1rfdNbyue77FhReHqNOVYVUC1cUTvMa-9/view?usp=sharing,99.jpeg
https://drive.google.com/file/d/1jV1VtMwZ0-4W-NqPIDF35GXXbAIeBiM8/view?usp=sharing,100.jpeg
https://drive.google.com/file/d/16jJWf3eLYQiWH3-6BkyLghQMMaNLxJay/view?usp=sharing,101.jpeg
https://drive.google.com/file/d/1Ov4_xFiqnjvKNN5Un7xhg3L3BWieCiaz/view?usp=sharing,102.jpeg
https://drive.google.com/file/d/1UaMY72ruqnun425RYF8wTmUS8luyG_f0/view?usp=sharing,103.jpeg
https://drive.google.com/file/d/1xJHDDEq_Pcuyo7r3BJ3CX-cr5YI7YkrO/view?usp=sharing,104.jpeg
https://drive.google.com/file/d/1I4HOF2-6lL6iKdgXECEzDily8_OIvcnT/view?usp=sharing,105.jpeg
https://drive.google.com/file/d/1--Dsh79NQFoIe97rn3Clv7DVEK8PAaTM/view?usp=sharing,106.jpeg
https://drive.google.com/file/d/1CY5PLw_DW_F4ZZCed1eIaQEOb-3QH5ru/view?usp=sharing,107.jpeg
https://drive.google.com/file/d/1uK9xKfyrNjXoEwvNPCJiCLHI5qN7JAcc/view?usp=sharing,108.jpeg
https://drive.google.com/file/d/17vlVtB08gJECMAm112EAZx3aEOV-ajTK/view?usp=sharing,109.jpeg
https://drive.google.com/file/d/1bNjz8xEGK6sK4_mFB7n0BzUStvi02qzP/view?usp=sharing,110.jpeg
https://drive.google.com/file/d/1HQHBTRpNUNY2kQ0B3sOzw3AIKiQ5XsJl/view?usp=sharing,111.jpeg
